cluster,cantidad_usuarios,afinidad_promedio,afinidad_maxima
0,2,0.170491,0.999739
1,26,0.046694,1.0
2,1,0.159267,0.932702
3,1,0.166614,0.92587
